{
  "type": "mysqldump",
  "option": {
    "host": "myHost",
    "port": "4711",
    "user": "myUserName",
    "password": "mySecretPassword",
    "databases": "myDB1,mydB2",
    "tables": "myTable1,myTable2,myTable3",
    "ignoreTables": "myTableToIgnore1,myTableToIgnore2",
    "structureOnly": "myTableWithoutData1,myTableWithoutData2",
    "quick": true,
    "lockTables": true,
    "singleTransaction": true,
    "compress": true,
    "extendedInsert": true,
    "hexBlob": true,
    "routines": true,
    "gtidPurged": "AUTO",
    "pathToMysqldump": "/path/to/custom/bin"
  }
}
